NO,共通ID,施設・場所名,住所,指定緊急避難場所との住所同一,その他市町村長が必要と認める事項,受入対象者,緯度,経度,備考
1,E3720600002111,志度東体育館,香川県さぬき市鴨庄2550-39,1,,,34.322957731975,134.208511684,
2,E3720600006111,志度構造改善センター,香川県さぬき市鴨庄4610-45,1,,,34.32549716,134.1939386,
3,E3720600009111,旧神前小学校,香川県さぬき市寒川町神前1615,1,,,34.28354171,134.2089529,
4,E3720600011111,寒川幼稚園,香川県さぬき市寒川町石田西384-1,1,,,34.27594624,134.2026099,
5,E3720600012111,寒川小学校,香川県さぬき市寒川町石田西812-1,1,,,34.271979088986,134.19946917495,
6,E3720600050111,石田高等学校,香川県さぬき市寒川町石田東甲1065,1,,,34.263145005554,134.21103198908,
7,E3720600015111,志度中学校,香川県さぬき市志度2214-4,1,,,34.31758092,134.1767466,
8,E3720600016111,志度高等学校,香川県さぬき市志度366-5,1,,,34.321719169376,134.16951753307,
9,E3720600017111,志度幼稚園,香川県さぬき市志度3726-1,1,,,34.31277714,134.1743943,
10,E3720600051111,志度公民館,香川県さぬき市志度3779-1,1,,,34.312691,134.175571,
11,E3720600023111,造田小学校,香川県さぬき市造田是弘688-1,1,,,34.28378724,134.1832298,
12,E3720600026111,結願の里,香川県さぬき市多和助光東30-1,1,,,34.18588955,134.1707457,
13,E3720600028111,松尾ふれあい会館,香川県さぬき市大川町田面140-2,1,,,34.25550179,134.2488973,
14,E3720600029111,さぬき南小学校,香川県さぬき市大川町南川61,1,,,34.25920955,134.2340338,
15,E3720600030111,さぬき南中学校,香川県さぬき市大川町富田西2823-1,1,,,34.26764383,134.2185435,
16,E3720600052111,長尾公民館,香川県さぬき市長尾東888-5,1,,,34.264115,134.176312,
17,E3720600034111,長尾小学校,香川県さぬき市長尾東901-1,1,,,34.2645832,134.1777029,
18,E3720600037111,津田小学校,香川県さぬき市津田町津田144,1,,,34.2867639,134.2512632,
19,E3720600038111,津田高等学校,香川県さぬき市津田町津田1632-1,1,,,34.293004494339,134.24404466851,
20,E3740600001112,勤労青少年ホーム,香川県まんのう町岸上108,1,,,34.182139423513,133.84262795147,
21,E3740600001111,神野公民館,香川県まんのう町岸上108,1,,,34.182072709541,133.84262963593,
22,E3740600002111,吉野公民館,香川県まんのう町吉野1780-1,1,,,34.182305870976,133.86252243073,
23,E3740600003111,吉野体育館,香川県まんのう町吉野1932-1,1,,,34.182809,133.863528,
24,E3740600004111,かりんの丘公園,香川県まんのう町吉野4314-1,1,,,34.173100881557,133.87053404584,
25,E3740600005111,満濃南小学校体育館,香川県まんのう町吉野74,1,,,34.184211324537,133.85227703071,
26,E3740600006111,四条公民館,香川県まんのう町吉野下281-1,1,,,34.1949,133.838393,
27,E3740600007111,まんのう町防災センター,香川県まんのう町吉野下430,1,,,34.192655690807,133.84137448377,
28,E3740600008111,スポーツセンターまんのう,香川県まんのう町吉野下957,1,,,34.188022958459,133.84767974473,
29,E3740600009111,仲南北体育館,香川県まんのう町宮田750-4,1,,,34.169442584921,133.8279871627,
30,E3740600010111,四条小学校体育館,香川県まんのう町四條732,1,,,34.193879180152,133.83863235558,
31,E3740600012111,仲南東体育館,香川県まんのう町七箇2529,1,,,34.150432725616,133.85433723126,
32,E3740600013112,仲南支所,香川県まんのう町生間415-1,1,,,34.154746113938,133.83824118324,
33,E3740600013111,仲南公民館,香川県まんのう町生間415-1,1,,,34.154884546726,133.83768239265,
34,E3740600014111,琴南総合センター,香川県まんのう町川東1496-1,1,,,34.111175,133.977627,
35,E3740600015111,琴南高齢者コミュニティーセンター,香川県まんのう町川東2748-6,1,,,34.106738367544,134.02654301627,
36,E3740600016111,琴南東体育館,香川県まんのう町川東919,1,,,34.121347862733,133.97292605686,
37,E3740600017111,琴南農村環境改善センター,香川県まんのう町造田1974-1,1,,,34.164042972962,133.92418925234,
38,E3740600017112,琴南支所,香川県まんのう町造田1974-1,1,,,34.164673265632,133.92436091371,
39,E3740600018111,琴南小学校体育館,香川県まんのう町造田1984-1,1,,,34.164633725893,133.92573845342,
40,E3740600019111,長炭小学校体育館,香川県まんのう町炭所西1431-2,1,,,34.183213526531,133.88093839816,
41,E3740600020111,長炭地区活性化センター,香川県まんのう町炭所西774,1,,,34.182128805052,133.88255358943,
42,E3740600021111,旧琴南中学校体育館,香川県まんのう町中通838,1,,,34.143122840781,133.95931936753,
43,E3740600022111,琴南公民館,香川県まんのう町中通875,1,,,34.141838,133.960231,
44,E3740600023111,仲南西体育館,香川県まんのう町追上20,1,,,34.134556497109,133.81760952049,
45,E3740600024111,高篠小学校体育館,香川県まんのう町東高篠139,1,,,34.214261405799,133.82899758365,
46,E3740600025111,高篠公民館,香川県まんのう町東高篠93-1,1,,,34.214917,133.827144,
47,E3740600026111,仲南小学校体育館,香川県まんのう町帆山743,1,,,34.153928440584,133.83991994268,
48,E3738700001111,羽床小学校,香川県綾川町羽床下2256,1,,,34.235337,133.905712,
49,E3738700003111,羽床公民館,香川県綾川町羽床下2259-2,1,,,34.234493,133.905718,
50,E3738700005111,羽床上体育館施設（旧羽床上小学校）,香川県綾川町羽床上788-1,1,,,34.22492391,133.9292926,
51,E3738700006111,羽床上公民館,香川県綾川町羽床上797,1,,,34.22418121,133.9290952,
52,E3738700008111,綾上農村環境改善センター,香川県綾川町山田下3300,1,,,34.22617978,133.9501168,
53,E3738700009111,国保総合保健施設いきいきセンター,香川県綾川町山田下3352-1,1,,,34.22520272,133.9499697,
54,E3738700010111,Ｂ＆Ｇ綾上海洋センター,香川県綾川町山田下3694-1,1,,,34.21762316,133.9492297,
55,E3738700012111,山田公民館,香川県綾川町山田上甲1313-1,1,,,34.22172713,133.9643237,
56,E3738700014111,綾上小学校,香川県綾川町山田上甲1494-1,1,,,34.21784894,133.9699085,
57,E3738700015111,西分公民館,香川県綾川町西分1377,1,,,34.20527645,133.9513035,
58,E3738700018111,滝宮小学校,香川県綾川町滝宮1095-1,1,,,34.245474,133.922321,
59,E3738700021111,滝宮公民館,香川県綾川町滝宮297-6,1,,,34.24999178,133.9216271,
60,E3738700022111,綾南農村環境改善センター,香川県綾川町滝宮299,1,,,34.249238,133.923207,
61,E3738700025111,国保総合保健施設えがお,香川県綾川町陶1720-1,1,,,34.25941153,133.9435822,
62,E3738700028111,陶公民館,香川県綾川町陶5866-1,1,,,34.252819,133.950047,
63,E3738700029111,陶小学校,香川県綾川町陶5878-1,1,,,34.25342216,133.9513062,
64,E3738700030111,昭和小学校,香川県綾川町畑田2373-1,1,,,34.247002,133.979428,
65,E3738700031111,昭和公民館,香川県綾川町畑田2390-8,1,,,34.24715412,133.9782749,
66,E3738700035111,枌所体育館施設（旧枌所小学校）,香川県綾川町枌所西甲2060,1,,,34.19709755,133.9947973,
67,E3738700036111,枌所公民館,香川県綾川町枌所西甲2087-1,1,,,34.1978839,133.99511,
68,E3738600011111,保健センター,香川県宇多津町1881,1,,,34.310733472043,133.82574086446,
69,E3738600011121,保健センター,香川県宇多津町1881,1,,,34.3107,133.825788,
70,E3738600029111,宇多津中学校,香川県宇多津町3302,1,,,34.308217,133.836492,
71,E3738600030111,デュアル・スポーツセンター,香川県宇多津町3390-1,1,,,34.308778623729,133.83654698206,
72,E3738600034111,宇多津小学校,香川県宇多津町815,1,,,34.303246,133.835937,
73,E3738600035111,町民体育館,香川県宇多津町815-1,1,,,34.303652681058,133.83518122664,
74,E3738600045111,宇多津北小学校,香川県宇多津町浜八番丁115,1,,,34.310160136392,133.81944454233,
75,E3720500001111,粟井小学校（体育館）,香川県観音寺市粟井町1452,1,,,34.095509,133.700862,
76,E3720500002111,粟井公民館,香川県観音寺市粟井町1516,1,,,34.094945,133.700985,
77,E3720500004111,伊吹支所,香川県観音寺市伊吹町209-2,1,,,34.128004,133.533068,
78,E3720500005111,伊吹公民館,香川県観音寺市伊吹町263,,,,34.128288,133.534735,
79,E3720500006111,伊吹保育所,香川県観音寺市伊吹町486-1,,,,34.128243,133.537763,
80,E3720500007111,伊吹中学校・小学校（体育館）,香川県観音寺市伊吹町549,1,,,34.129096,133.539352,
81,E3720500009111,観音寺小学校（体育館）,香川県観音寺市観音寺町甲2558-1,1,,,34.126535,133.648668,
82,E3720500010111,観音寺こども園,香川県観音寺市観音寺町甲2558-2,,,,34.125414,133.649193,
83,E3720500012111,観音寺南公民館,香川県観音寺市観音寺町甲2942-1,,,,34.126365,133.650864,
84,E3720500013121,鶴亀ハウス,香川県観音寺市観音寺町甲2972-7,1,,,34.126077,133.651224,
85,E3720500015121,介護老人保健施設はがみ苑,香川県観音寺市原町1273-3,,,,34.10633,133.692908,
86,E3720500016111,豊田公民館,香川県観音寺市原町270-1,1,,,34.110586,133.702552,
87,E3720500017111,一ノ谷小学校（体育館）,香川県観音寺市古川町102-1,1,,,34.129247,133.697784,
88,E3720500018111,旧一ノ谷幼稚園,香川県観音寺市古川町117-1,,,,34.130089,133.698259,
89,E3720500019111,一ノ谷公民館,香川県観音寺市古川町85-1,1,,,34.129724,133.698881,
90,E3720500020111,高室小学校（体育館）,香川県観音寺市高屋町1877-1,1,,,34.146773,133.654548,
91,E3720500021111,旧高室幼稚園,香川県観音寺市高屋町1895,,,,34.146717,133.655612,
92,E3720500022111,高室公民館,香川県観音寺市高屋町884,1,,,34.145788,133.654285,
93,E3720500023112,共同福祉施設,香川県観音寺市坂本町1-1-1,,,,34.127688,133.661975,
94,E3720500023113,観音寺中央図書館,香川県観音寺市坂本町1-1-1,,,,34.129106,133.661893,
95,E3720500023111,働く婦人の家,香川県観音寺市坂本町1-1-1,,,,34.127863,133.66223,
96,E3720500024111,観音寺商工会議所,香川県観音寺市坂本町1-1-25,1,,,34.129421900023,133.66189802696,
97,E3720500026111,ふれあい文化センター,香川県観音寺市坂本町7-14-77,,,,34.126482,133.658855,
98,E3720500029111,室本公民館,香川県観音寺市室本町311-3,,,,34.153744,133.645628,
99,E3720500031121,香川西部養護学校,香川県観音寺市出作町712,,,,34.113395,133.677216,
100,E3720500032111,観音寺中部こども園,香川県観音寺市植田町1217-3,,,,34.120913,133.67583,
101,E3720500033111,常磐小学校（体育館）,香川県観音寺市植田町365,1,,,34.127027,133.675971,
102,E3720500034111,常磐公民館,香川県観音寺市植田町458-3,,,,34.124551,133.676096,
103,E3720500102112,笑いの家とよた,香川県観音寺市新田町1385-4,,,,34.108842,133.701926,
104,E3720500035111,豊田小学校（体育館）,香川県観音寺市新田町1413,1,,,34.109776,133.702245,
105,E3720500036111,株式会社総合開発リネンサプライ事業,香川県観音寺市瀬戸町4-1-7,1,,,34.118671357188,133.63798375554,
106,E3720500038121,介護老人保健施設観音寺ケアセンター,香川県観音寺市村黒町739,,,,34.132984,133.666135,
107,E3720500103111,大野原こども園,香川県観音寺市大野原町1675-1,,,,34.08469,133.659396,
108,E3720500039111,天理教西香川分教会,香川県観音寺市大野原町井関687-1,1,,,34.061457,133.686688,
109,E3720500040111,花稲研修センター,香川県観音寺市大野原町花稲890-1,,,,34.095397,133.647371,
110,E3720500041111,燧望苑,香川県観音寺市大野原町丸井1183,1,,,34.089889,133.698743,
111,E3720500042111,旧紀伊小学校（体育館）,香川県観音寺市大野原町丸井313,1,,,34.093852,133.690458,
112,E3720500043111,大野原中央公民館,香川県観音寺市大野原町大野原1260-1,,,,34.084286,133.664198,
113,E3720500044111,大野原いきいきセンター,香川県観音寺市大野原町大野原1265,,,,34.084185,133.664724,
114,E3720500045111,大野原交流センター,香川県観音寺市大野原町大野原1267-1,,,,34.083839,133.664862,
115,E3720500046111,大野原中央集会場,香川県観音寺市大野原町大野原1349,,,,34.083319,133.664145,
116,E3720500047111,大野原勤労青少年ホーム,香川県観音寺市大野原町大野原1368-1,,,,34.083731,133.663589,
117,E3720500048111,萩の湯,香川県観音寺市大野原町大野原1509,,,,34.08366,133.658699,
118,E3720500052111,大野原農業者トレーニングセンター,香川県観音寺市大野原町大野原1994,1,,,34.086197,133.664219,
119,E3720500053121,特別養護老人ホームおおとよ荘,香川県観音寺市大野原町大野原7010,,,,34.073315,133.664998,
120,E3720500054111,大野原中学校（武道場）,香川県観音寺市大野原町中姫1189-3,1,,,34.087306610843,133.66892209904,
121,E3720500054112,大野原中学校（体育館）,香川県観音寺市大野原町中姫1189-3,1,,,34.087569,133.668474,
122,E3720500055111,大野原会館,香川県観音寺市大野原町中姫1247,,,,34.088771,133.666989,
123,E3720500056111,中姫中央ふれあい会館,香川県観音寺市大野原町中姫946,,,,34.087322,133.672657,
124,E3720500057111,田野々自治会館,香川県観音寺市大野原町田野々743-1,1,,,34.040499,133.659261,
125,E3720500058121,介護老人保健施設ひうち荘,香川県観音寺市大野原町内野々394-1,,,,34.060047,133.700662,
126,E3720500059121,特別養護老人ホームひうち,香川県観音寺市大野原町内野々597,,,,34.060505,133.699847,
127,E3720500060111,旧萩原小学校（体育館）,香川県観音寺市大野原町萩原2354,1,,,34.077225,133.680045,
128,E3720500061111,萩のふるさと会館,香川県観音寺市大野原町萩原2363-1,,,,34.077608,133.679285,
129,E3720500062111,大野原福祉会館,香川県観音寺市大野原町萩原乙139-1,,,,34.077575,133.685291,
130,E3720500063111,市立総合体育館,香川県観音寺市池之尻町1071,1,,,34.108784,133.686201,
131,E3720500065111,観音寺総合高等学校,香川県観音寺市天神町1-1-15,,,,34.128575,133.660544,
132,E3720500068111,観音寺中学校（武道場）,香川県観音寺市八幡町2-10-7,1,,,34.136093245228,133.64538313703,
133,E3720500068112,観音寺中学校（体育館）,香川県観音寺市八幡町2-10-7,1,,,34.136631,133.646115,
134,E3720500070121,介護老人保健施設わたつみ苑,香川県観音寺市豊浜町姫浜1260-1,,,,34.081105,133.642028,
135,E3720500071121,特別養護老人ホームネムの木,香川県観音寺市豊浜町姫浜41-1,,,,34.088041,133.638159,
136,E3720500072111,豊浜公会堂,香川県観音寺市豊浜町姫浜453-2,,,,34.077122,133.64013,
137,E3720500073111,海の家（豊浜コミュニティセンター）,香川県観音寺市豊浜町姫浜55-2,,,,34.086691,133.638833,
138,E3720500074111,豊浜西部集会所,香川県観音寺市豊浜町箕浦甲1935-9,,,,34.056344,133.631318,
139,E3720500076111,豊浜南部集会所,香川県観音寺市豊浜町和田甲493-1,,,,34.067521,133.647663,
140,E3720500077112,豊浜小学校（体育館）,香川県観音寺市豊浜町和田浜1000,1,,,34.072451,133.643137,
141,E3720500077111,豊浜こども園,香川県観音寺市豊浜町和田浜1000,1,,,34.071514,133.644393,
142,E3720500078111,豊浜保育所,香川県観音寺市豊浜町和田浜1124-1,,,,34.071186,133.640193,
143,E3720500079112,豊浜コミュニティ消防センター,香川県観音寺市豊浜町和田浜1531-1,,,,34.074545,133.636086,
144,E3720500079111,豊浜中央公民館,香川県観音寺市豊浜町和田浜1531-1,,,,34.073951,133.63614,
145,E3720500080111,豊浜福祉会館,香川県観音寺市豊浜町和田浜1544-1,,,,34.073563,133.637613,
146,E3720500081121,特別養護老人ホームとよはま荘,香川県観音寺市豊浜町和田浜1575-1,,,,34.071141,133.636707,
147,E3720500082111,豊浜中学校（武道場）,香川県観音寺市豊浜町和田浜717,1,,,34.077300586917,133.64340039623,
148,E3720500082112,豊浜中学校（体育館）,香川県観音寺市豊浜町和田浜717,1,,,34.077398,133.643417,
149,E3720500083111,豊浜総合体育館（すぽっシュＴＯＹＯＨＡＭＡ）,香川県観音寺市豊浜町和田浜784-1,1,,,34.074798,133.6422,
150,E3720500084112,観音寺東公民館体育館,香川県観音寺市茂西町1-1-28,,,,34.131571,133.65701,
151,E3720500084111,観音寺東公民館,香川県観音寺市茂西町1-1-28,,,,34.1317511884,133.65662550424,
152,E3720500085111,観音寺第一高等学校,香川県観音寺市茂木町4-2-38,,,,34.132742,133.658981,
153,E3720500086121,特別養護老人ホーム豊恩荘,香川県観音寺市茂木町4-6-2,,,,34.132802,133.660088,
154,E3720500087111,百々宮会館,香川県観音寺市木之郷町1639-1,,,,34.10107,133.675847,
155,E3720500088121,特別養護老人ホーム長寿苑,香川県観音寺市木之郷町499-62,,,,34.10637,133.692015,
156,E3720500089111,木之郷公民館,香川県観音寺市木之郷町795,,,,34.103202,133.683469,
157,E3720500090111,コミュニティ防災センター,香川県観音寺市流岡町475,1,,,34.137382,133.672812,
158,E3720500091121,地域支援センターまるやま,香川県観音寺市流岡町750-1,,,,34.137268,133.679168,
159,E3720500092111,流岡公民館,香川県観音寺市流岡町820-1,,,,34.135358,133.677869,
160,E3720500093111,柞田小学校（体育館）,香川県観音寺市柞田町乙1000-1,1,,,34.109442,133.660277,
161,E3720500094111,中部中学校（武道場）,香川県観音寺市柞田町甲1237,1,,,34.119571783209,133.66524563125,
162,E3720500094112,中部中学校（体育館）,香川県観音寺市柞田町甲1237,1,,,34.119227,133.665866,
163,E3720500095121,特別養護老人ホーム楽陽荘,香川県観音寺市柞田町甲1936,,,,34.11829,133.660067,
164,E3720500096121,就労継続支援Ａ型・短期入所施設リール,香川県観音寺市柞田町丙1060-1,,,,34.105102224908,133.66579042107,
165,E3720500097111,柞田公民館,香川県観音寺市柞田町丙1537,,,,34.109109,133.660956,
166,E3720500098111,観音寺中央幼稚園,香川県観音寺市柞田町丙1566,1,,,34.108529630513,133.66201042277,
167,E3720200001111,岡田小学校,香川県丸亀市綾歌町岡田下217,1,,,34.2271987,133.8584411,
168,E3720200002111,岡田コミュニティセンター,香川県丸亀市綾歌町岡田下516-1,1,,,34.2245863,133.8594925,
169,E3720200003111,岡田保育所,香川県丸亀市綾歌町岡田下87-1,1,,,34.2276423,133.8591707,
170,E3720200004111,あやうたこども園,香川県丸亀市綾歌町岡田東1150,1,,,34.2357187,133.8693631,
171,E3720200005111,栗熊コミュニティセンター,香川県丸亀市綾歌町栗熊西1638-1,1,,,34.232220156736,133.87761526521,
172,E3720200006111,綾歌総合文化会館,香川県丸亀市綾歌町栗熊西1680,1,,,34.23150982,133.8786382,
173,E3720200007111,綾歌保健福祉センター,香川県丸亀市綾歌町栗熊西782,1,,,34.2262052,133.8823128,
174,E3720200008111,栗熊保育所,香川県丸亀市綾歌町栗熊東271,1,,,34.2374571,133.8838255,
175,E3720200009111,栗熊小学校,香川県丸亀市綾歌町栗熊東323,1,,,34.2391069,133.8815188,
176,E3720200010111,綾歌中学校,香川県丸亀市綾歌町栗熊東431,1,,,34.23696042,133.8830638,
177,E3720200011111,富熊コミュニティセンター,香川県丸亀市綾歌町富熊1192-1,1,,,34.24678747,133.8809824,
178,E3720200012111,富熊保育所,香川県丸亀市綾歌町富熊1226,1,,,34.2485612,133.8796037,
179,E3720200013111,富熊小学校,香川県丸亀市綾歌町富熊1227,1,,,34.2494037,133.8794053,
180,E3720200014111,富熊コミュニティセンター分館,香川県丸亀市綾歌町富熊1409-31,1,,,34.2553786,133.884193,
181,E3720200015111,旧塩屋北保育所（丸亀市シルバー人材センター）２階一部,香川県丸亀市塩屋町5-6-1,1,,,34.2899048,133.78254,
182,E3720200016111,城北小学校,香川県丸亀市瓦町95,1,,,34.29438112,133.8003659,
183,E3720200017111,牛島集会場,香川県丸亀市牛島385,1,,,34.36173575,133.7798685,
184,E3720200018111,金倉保育所,香川県丸亀市金倉町1230-1,1,,,34.26886096,133.7816575,
185,E3720200019111,県立丸亀競技場第１～第６会議室,香川県丸亀市金倉町830,1,,,34.26157034,133.7852597,
186,E3720200020111,丸亀市民体育館,香川県丸亀市金倉町924-1,1,,,34.263001833473,133.78877397059,
187,E3720200021111,四国職業能力開発大学校体育館,香川県丸亀市郡家町3202,1,,,34.26257674,133.8103115,
188,E3720200022111,南中学校,香川県丸亀市郡家町3690,1,,,34.26703227,133.8135141,
189,E3720200023111,郡家こども園,香川県丸亀市郡家町787,1,,,34.252144,133.8140506,
190,E3720200024111,郡家小学校,香川県丸亀市郡家町790-1,1,,,34.2514745,133.8146836,
191,E3720200025111,郡家コミュニティセンター,香川県丸亀市郡家町814-1,1,,,34.2504857,133.8148606,
192,E3720200026111,はらだこども園,香川県丸亀市原田町2046,1,,,34.2583426,133.7903345,
193,E3720200027111,城北コミュニティセンター,香川県丸亀市御供所町1-5-20,1,,,34.2961761,133.8003552,
194,E3720200028111,広島コミュニティセンター,香川県丸亀市広島町江の浦373-3,1,,,34.36519415,133.7154954,
195,E3720200028112,広島小中学校,香川県丸亀市広島町江の浦373-3,1,,,34.36518525,133.7144065,
196,E3720200030111,小手島小中学校,香川県丸亀市広島町小手島2782,1,,,34.3749664,133.6514497,
197,E3720200031111,へき地集会室,香川県丸亀市広島町青木549,1,,,34.36957782,133.6907816,
198,E3720200032111,城坤幼稚園,香川県丸亀市今津町278,1,,,34.2771262,133.7831139,
199,E3720200033111,城坤コミュニティセンター,香川県丸亀市今津町283,1,,,34.277465904654,133.78388163022,
200,E3720200034111,城坤小学校,香川県丸亀市今津町348,1,,,34.28007401,133.7859115,
201,E3720200035111,城南コミュニティセンター,香川県丸亀市山北町200-1,1,,,34.2722989,133.8004625,
202,E3720200036111,城南保育所,香川県丸亀市山北町261,1,,,34.2703217,133.7988532,
203,E3720200037111,城西コミュニティセンター,香川県丸亀市山北町722-1,1,,,34.2791431,133.7984937,
204,E3720200038111,手島自然教育センター,香川県丸亀市手島町1273,1,,,34.3976635,133.6678595,
205,E3720200039111,手島集会場,香川県丸亀市手島町224,1,,,34.39795116,133.6706167,
206,E3720200040111,県立丸亀高等学校武道館,香川県丸亀市城南町63-5,1,,,34.28235676,133.7976891,
207,E3720200041111,垂水コミュニティセンター,香川県丸亀市垂水町1345-1,1,,,34.233727,133.828719,
208,E3720200042111,垂水小学校,香川県丸亀市垂水町1408,1,,,34.2323702,133.8276494,
209,E3720200043111,垂水こども園,香川県丸亀市垂水町1709,1,,,34.2311594,133.8244414,
210,E3720200044111,城辰幼稚園,香川県丸亀市川西町南161,1,,,34.2571544,133.8291568,
211,E3720200045111,川西コミュニティセンター,香川県丸亀市川西町南428-1,1,,,34.2529422,133.8295054,
212,E3720200046111,金山文化センター,香川県丸亀市川西町南679-10,1,,,34.2474172,133.8290871,
213,E3720200047111,城辰保育所,香川県丸亀市川西町南696-1,1,,,34.247204375865,133.83006877235,
214,E3720200048111,土器川体育センター,香川県丸亀市川西町南甲307,1,,,34.2524899,133.8344085,
215,E3720200049111,城辰小学校,香川県丸亀市川西町北151,1,,,34.2566844,133.828454,
216,E3720200050111,しおや保育所,香川県丸亀市前塩屋町2-1-17,1,,,34.2847014,133.7815797,
217,E3720200051111,東中学校,香川県丸亀市大手町1-5-1,1,,,34.2902772,133.8005376,
218,E3720200053111,西中学校,香川県丸亀市中府町3-11-1,1,,,34.2840721,133.7947547,
219,E3720200054111,城乾小学校,香川県丸亀市中府町5-15-1,1,,,34.2876566,133.7925312,
220,E3720200055111,県立丸亀城西高等学校第２体育館,香川県丸亀市津森町267,1,,,34.27723262,133.7921423,
221,E3720200056111,城南小学校,香川県丸亀市田村町973,1,,,34.2687923,133.7984508,
222,E3720200057111,城東幼稚園,香川県丸亀市土器町西4-668,1,,,34.2818027,133.81338,
223,E3720200058111,城東小学校,香川県丸亀市土器町西5-113,1,,,34.28567216,133.8127255,
224,E3720200059111,青ノ山保育所,香川県丸亀市土器町東4-303,1,,,34.295303,133.818841,
225,E3720200060111,土器コミュニティセンター,香川県丸亀市土器町東7-160,1,,,34.29142509,133.8114917,
226,E3720200061111,二軒茶屋総合センター,香川県丸亀市土器町東8-501,1,,,34.299317,133.8053977,
227,E3720200062111,クリントピア丸亀,香川県丸亀市土器町北1-72-2,1,,,34.3088454,133.8044,
228,E3720200063111,旧土居保育所,香川県丸亀市土居町2-13-3,1,,,34.29170872,133.805041,
229,E3720200065111,城乾コミュニティセンター,香川県丸亀市南条町34-28,1,,,34.2876202,133.7931266,
230,E3720200094111,城乾こども園,香川県丸亀市南条町34-46,1,,,34.288292,133.792866,
231,E3720200066111,飯山総合保健福祉センター,香川県丸亀市飯山町下法軍寺581-1,1,,,34.2588569,133.8584304,
232,E3720200067111,県立飯山高等学校新体育館,香川県丸亀市飯山町下法軍寺664-1,1,,,34.25761108,133.8546056,
233,E3720200068111,飯山南コミュニティセンター,香川県丸亀市飯山町上法軍寺1010-1,1,,,34.248464507697,133.85634040536,
234,E3720200069111,飯山南保育所,香川県丸亀市飯山町上法軍寺1036,1,,,34.2478606,133.8568532,
235,E3720200070111,飯山南小学校,香川県丸亀市飯山町上法軍寺1206,1,,,34.24751915,133.8547933,
236,E3720200071111,飯山こども園,香川県丸亀市飯山町真時71-1,1,,,34.256201146694,133.8503515791,
237,E3720200072111,飯山総合学習センター,香川県丸亀市飯山町西坂元547-1,1,,,34.26249467,133.8408458,
238,E3720200073111,飯山北第一保育所,香川県丸亀市飯山町川原1009,1,,,34.26799877,133.8581353,
239,E3720200074111,飯山中学校,香川県丸亀市飯山町川原1110,1,,,34.26394663,133.8614505,
240,E3720200097111,飯山北コミュニティセンター,香川県丸亀市飯山町川原1112-6,1,,,34.264301,133.861463,
241,E3720200076111,飯山北小学校,香川県丸亀市飯山町川原1874,1,,,34.26502397,133.8579262,
242,E3720200077111,飯山総合運動公園体育館,香川県丸亀市飯山町東坂元2713-1,1,,,34.26825146,133.8706827,
243,E3720200078111,東小川児童センター,香川県丸亀市飯山町東小川1260,1,,,34.2477542,133.844322,
244,E3720200079111,飯野小学校,香川県丸亀市飯野町西分113,1,,,34.28044631,133.8332498,
245,E3720200080111,飯野コミュニティセンター,香川県丸亀市飯野町東分2334-2,1,,,34.281516666441,133.83350222302,
246,E3720200081111,飯野こども園,香川県丸亀市飯野町東分2576,1,,,34.2786644,133.8334966,
247,E3720200082111,県立香川丸亀支援学校体育館,香川県丸亀市飯野町東分592-1,1,,,34.29218736,133.8250101,
248,E3720200084111,城北こども園,香川県丸亀市北平山町2-12-20,1,,,34.29741053637,133.7975765229,
249,E3720200085111,山根文化センター,香川県丸亀市本島町笠島100-2,1,,,34.3892595,133.7852625,
250,E3720200086111,山根児童館,香川県丸亀市本島町笠島84-3,1,,,34.3889962,133.786059,
251,E3720200087111,西地区集会場,香川県丸亀市本島町尻浜83,1,,,34.3868314,133.7569732,
252,E3720200088111,本島小中学校,香川県丸亀市本島町泊18,1,,,34.3875309,133.7831032,
253,E3720200089111,本島幼稚園,香川県丸亀市本島町泊34,1,,,34.3894167,133.7831783,
254,E3720200095112,旧本島中学校　体育館,香川県丸亀市本島町泊410-1,1,,,34.38561,133.780432,
255,E3720200095111,本島コミュニティセンター,香川県丸亀市本島町泊410-1,1,,,34.38553,133.781118,
256,E3720200092111,県立丸亀高等学校第２体育館,香川県丸亀市六番丁1,1,,,34.28297282,133.7991322,
257,E3720200093111,城西小学校,香川県丸亀市六番丁12,1,,,34.28582281,133.7966806,
258,E3740300002111,琴平町立南こども園,香川県琴平町103,1,,,34.1872349991,133.824093,
259,E3740300003111,香川県立琴平高等学校,香川県琴平町142-2,1,,,34.187656224535,133.8257059085,
260,E3740300004111,琴平町立琴平小学校,香川県琴平町145-1,1,,,34.188037362684,133.82274883379,
261,E3740300005111,琴平町文化会館,香川県琴平町758-1,1,,,34.186727690393,133.81981254131,
262,E3740300006111,香川県立農業大学校,香川県琴平町榎井34-3,1,,,34.1911008755,133.831152157,
263,E3740300007111,琴平町立榎井小学校,香川県琴平町榎井58-3,1,,,34.190118564518,133.82958960963,
264,E3740300008111,琴平町総合センター,香川県琴平町榎井817-9,1,,,34.191749329026,133.8229018925,
265,E3740300009111,琴平町立榎井公民館,香川県琴平町榎井85-3,1,,,34.190845,133.828944,
266,E3740300010111,琴平町社会福祉センター,香川県琴平町榎井891-1,1,,,34.192083,133.822164,
267,E3740300011111,いこいの郷公園,香川県琴平町五條1022-1,1,,,34.176916898798,133.81905403015,
268,E3740300012111,琴平町立琴平中学校,香川県琴平町五條661-1,1,,,34.189094550417,133.82778623068,
269,E3740300013111,琴平町立象郷小学校,香川県琴平町上櫛梨26,1,,,34.205980865925,133.81626261836,
270,E3740300014111,琴平町立北こども園みのり棟,香川県琴平町上櫛梨31-1,1,,,34.206451,133.815664,
271,E3740300015111,琴平町立教育集会所,香川県琴平町苗田1020-1,1,,,34.196889,133.816098,
272,E3740300015112,琴平町デイ・サービスセンター,香川県琴平町苗田1020-1,1,,,34.19673708,133.8160799,
273,E3740300016111,象郷農業構造改善センター,香川県琴平町苗田631-3,1,,,34.204963657717,133.81648091348,
274,E3740300017111,琴平町立北こども園めばえ棟,香川県琴平町苗田634-1,1,,,34.2048679991,133.816803,
275,E3740300018111,琴平町ふれあい交流館,香川県琴平町苗田995-4,1,,,34.196236847111,133.81623326924,
276,E3720100002111,庵治第二小学校,香川県高松市庵治町6034-1,1,,,34.404478,134.105435,
277,E3720100005111,庵治中学校,香川県高松市庵治町691-1,1,,,34.38364714,134.1313905,
278,E3720100006111,庵治小学校,香川県高松市庵治町790-1,1,,,34.38532754,134.1309438,
279,E3720100007111,庵治小学校第二体育館,香川県高松市庵治町866-4,1,,,34.38538919,134.1303282,
280,E3720100008111,庵治コミュニティセンター・庵治武道館,香川県高松市庵治町888-1,1,,,34.38526081,134.1299098,
281,E3720100009111,一宮中学校,香川県高松市一宮町1185-1,1,,,34.29259742,134.0243844,
282,E3720100011111,高松南高等学校（体育館）,香川県高松市一宮町531,1,,,34.28594803,134.0243805,
283,E3720100012111,一宮小学校,香川県高松市一宮町672-1,1,,,34.29089379,134.0239199,
284,E3720100013111,一宮コミュニティセンター,香川県高松市一宮町838-1,1,,,34.29068029,134.0289302,
285,E3720100014111,円座コミュニティセンター,香川県高松市円座町1622-1,1,,,34.28540254,134.0055212,
286,E3720100015111,円座小学校,香川県高松市円座町1630-2,1,,,34.28469538,134.005042,
287,E3720100016111,香東中学校,香川県高松市円座町771,1,,,34.29512124,134.0096204,
288,E3720100017111,塩江コミュニティセンター,香川県高松市塩江町安原下第2-1645,1,,,34.19635225,134.041365,
289,E3720100018111,安原小学校跡施設,香川県高松市塩江町安原下第2-1684,1,,,34.19762783,134.0406564,
290,E3720100020111,塩江小・中学校,香川県高松市塩江町安原上231,1,,,34.18168731,134.073955,
291,E3720100021111,塩江小学校跡施設,香川県高松市塩江町安原上東365,1,,,34.170303,134.08352,
292,E3720100024111,上西小学校跡施設,香川県高松市塩江町上西乙461,1,,,34.15225054,134.0768043,
293,E3720100027111,屋島小学校,香川県高松市屋島西町1205-1,1,,,34.34775961,134.0993203,
294,E3720100028111,屋島西小学校,香川県高松市屋島西町2469,1,,,34.35098191,134.0900079,
295,E3720100029111,屋島西コミュニティセンター,香川県高松市屋島西町2483-2,1,,,34.35228008,134.089186,
296,E3720100030111,屋島中学校,香川県高松市屋島中町295,1,,,34.34054791,134.1049372,
297,E3720100031111,屋島コミュニティセンター,香川県高松市屋島中町449-1,1,,,34.34371413,134.101343,
298,E3720100032111,屋島東コミュニティセンター,香川県高松市屋島東町928,1,,,34.35498863,134.1159421,
299,E3720100033111,屋島東小学校,香川県高松市屋島東町942-1,1,,,34.35437335,134.1164314,
300,E3720100034111,花園小学校,香川県高松市花園町2-7-7,1,,,34.33387803,134.0577429,
301,E3720100035111,花園コミュニティセンター,香川県高松市観光通2-8-9,1,,,34.33606571,134.0569027,
302,E3720100036111,鬼無コミュニティセンター,香川県高松市鬼無町佐藤31-3,1,,,34.32708866,133.9932813,
303,E3720100037111,鬼無小学校,香川県高松市鬼無町佐藤607-1,1,,,34.32668092,133.9885833,
304,E3720100038111,亀阜小学校,香川県高松市亀岡町10-1,1,,,34.33786418,134.0397848,
305,E3720100039111,亀阜コミュニティセンター,香川県高松市宮脇町1-6-18,1,,,34.33961697,134.0353108,
306,E3720100041111,新番丁小学校,香川県高松市錦町2-14-1,1,,,34.34586918,134.0409621,
307,E3720100042111,栗林小学校,香川県高松市栗林町2-10-7,1,,,34.33061905,134.0496498,
308,E3720100043111,栗林コミュニティセンター,香川県高松市栗林町3-2-12,1,,,34.32888503,134.0480381,
309,E3720100044111,川添コミュニティセンター,香川県高松市元山町136-4,1,,,34.30705509,134.0894688,
310,E3720100045111,協和中学校,香川県高松市元山町88-2,1,,,34.30727073,134.0862832,
311,E3720100046111,檀紙コミュニティセンター,香川県高松市御厩町775-1,1,,,34.30092777,133.9947065,
312,E3720100047111,檀紙小学校,香川県高松市御厩町816,1,,,34.30043688,133.9938784,
313,E3720100048111,香川大学（経済学部構内体育館）,香川県高松市幸町1-1,1,,,34.33992558,134.0365773,
314,E3720100195121,ふれあい福祉センター勝賀,香川県高松市香西南町476-1,,,乳児、妊産婦とその家族,34.341839,134.000809,
315,E3720100049111,勝賀中学校,香川県高松市香西南町565,1,,,34.34298714,133.9992513,
316,E3720100050111,香西小学校,香川県高松市香西南町703-1,1,,,34.34521356,133.9985536,
317,E3720100051111,香西コミュニティセンター,香川県高松市香西本町476-1,1,,,34.34691248,133.9962626,
318,E3720100053111,香川総合体育館,香川県高松市香川町川東下1917-1,1,,,34.25509649,134.0287091,
319,E3720100054111,川東コミュニティセンター,香川県高松市香川町川東上1865-13,1,,,34.24146264,134.0344276,
320,E3720100054121,香川総合センター,香川県高松市香川町川東上1865-13,1,,乳児、妊産婦とその家族,34.241312,134.033942,
321,E3720100055111,川東小学校,香川県高松市香川町川東上1865-8,1,,,34.24105427,134.035103,
322,E3720100057111,香川第一中学校,香川県高松市香川町浅野1188,1,,,34.25283306,134.0316716,
323,E3720100058111,浅野小学校,香川県高松市香川町浅野3088,1,,,34.25938283,134.040857,
324,E3720100059111,浅野コミュニティセンター,香川県高松市香川町浅野826-2,1,,,34.25663455,134.0356787,
325,E3720100060111,大野小学校,香川県高松市香川町大野1045-1,1,,,34.26709825,134.0274465,
326,E3720100061111,大野コミュニティセンター,香川県高松市香川町大野1329-1,1,,,34.26720106,134.0246513,
327,E3720100063111,東谷コミュニティセンター,香川県高松市香川町東谷873-3,1,,,34.20461858,134.0616751,
328,E3720100064111,香南小学校,香川県高松市香南町横井1008,1,,,34.24162395,134.0085224,
329,E3720100066111,香南中学校,香川県高松市香南町横井801,1,,,34.24258677,134.0085278,
330,E3720100067111,池西農村環境改善センター,香川県高松市香南町池内522-1,1,,,34.24521471,134.000386,
331,E3720100068111,香南コミュニティセンター,香川県高松市香南町由佐1172,1,,,34.24003829,134.0128954,
332,E3720100069111,由佐農村環境改善センター,香川県高松市香南町由佐357-2,1,,,34.24031324,134.0189894,
333,E3720100070111,古高松コミュニティセンター,香川県高松市高松町10-20,1,,,34.3356547,134.1074787,
334,E3720100073111,古高松小学校,香川県高松市高松町398,1,,,34.33162773,134.1073061,
335,E3720100074111,香川県青年センター,香川県高松市国分寺町国分1009,1,,,34.29929463,133.9421268,
336,E3720100078111,国分寺中学校,香川県高松市国分寺町新居1131-1,1,,,34.29740121,133.9649126,
337,E3720100079111,国分寺中学校第二体育館,香川県高松市国分寺町新居1155-7,1,,,34.29734648,133.9652885,
338,E3720100196121,国分寺総合センター,香川県高松市国分寺町新居1298,,,乳児、妊産婦とその家族,34.29731,133.959946,
339,E3720100080111,国分寺文化センター,香川県高松市国分寺町新居1423-1,1,,,34.29959938,133.9592321,
340,E3720100081111,国分寺北部コミュニティセンター,香川県高松市国分寺町新居1840-6,1,,,34.30537762,133.9623604,
341,E3720100082111,国分寺北部小学校,香川県高松市国分寺町新居1880,1,,,34.30605622,133.9638751,
342,E3720100088112,国分寺南部小学校,香川県高松市国分寺町福家甲3005,1,,,34.28394306,133.9619826,
343,E3720100088111,国分寺勤労青少年ホーム,香川県高松市国分寺町福家甲3005,1,,,34.28307874,133.9614649,
344,E3720100089111,国分寺南部コミュニティセンター,香川県高松市国分寺町福家甲3106-3,1,,,34.28413497,133.961047,
345,E3720100091111,桜町中学校,香川県高松市桜町2-12-4,1,,,34.32676085,134.052323,
346,E3720100092111,高松第一高校,香川県高松市桜町2-5-10,1,,,34.32767924,134.0520264,
347,E3720100093111,三谷コミュニティセンター,香川県高松市三谷町1201-1,1,,,34.277946081651,134.06907974632,
348,E3720100094111,三渓小学校,香川県高松市三谷町2173-1,1,,,34.27375789,134.0688489,
349,E3720100096111,紫雲中学校,香川県高松市紫雲町8-25,1,,,34.34111204,134.0334827,
350,E3720100097111,香川大学附属中学校（体育館）,香川県高松市鹿角町394,1,,,34.29920602,134.0324595,
351,E3720100191111,十河コミュニティセンター,香川県高松市十川西町299-1,1,,,34.27405,134.104826,
352,E3720100098111,十河小学校,香川県高松市十川西町366-5,1,,,34.27457193,134.1028836,
353,E3720100099111,龍雲中学校,香川県高松市出作町331-2,1,,,34.28265099,134.0510246,
354,E3720100100111,古高松南コミュニティセンター,香川県高松市春日町782-2,1,,,34.32699022,134.0917499,
355,E3720100101111,女木コミュニティセンター,香川県高松市女木町203-1,1,,,34.39209093,134.051702,
356,E3720100102111,女木小学校,香川県高松市女木町236-2,1,,,34.39180962,134.0533281,
357,E3720100193121,たかまつミライエ,香川県高松市松島町1-15-1,,,乳児、妊産婦とその家族,34.340061,134.059558,
358,E3720100103111,高松商業高等学校（体育館）,香川県高松市松島町1-18-54,1,,,34.33812237,134.0599437,
359,E3720100105111,太田中央コミュニティセンター,香川県高松市松縄町1108-1,1,,,34.31385282,134.0640513,
360,E3720100106111,中央小学校,香川県高松市松縄町1138,1,,,34.31149489,134.0627974,
361,E3720100107111,松島コミュニティセンター,香川県高松市松福町2-15-24,1,,,34.34022524,134.0650758,
362,E3720100108111,鶴尾小学校,香川県高松市松並町636-1,1,,,34.3154733,134.028176,
363,E3720100109111,鶴尾中学校跡施設,香川県高松市松並町639-1,1,,,34.31563216,134.0260553,
364,E3720100110111,玉藻中学校,香川県高松市上福岡町714-1,1,,,34.33343555,134.0659799,
365,E3720100111111,新塩屋町コミュニティセンター,香川県高松市城東町1-1-47,1,,,34.34743104,134.055948,
366,E3720100112111,古高松中学校,香川県高松市新田町甲190-1,1,,,34.33230914,134.1025022,
367,E3720100113111,古高松南小学校,香川県高松市新田町甲2605,1,,,34.32758031,134.0990021,
368,E3720100115111,東植田小学校菅沢分校,香川県高松市菅沢町339,1,,,34.19364403,134.0983833,
369,E3720100116111,日新小学校跡施設,香川県高松市瀬戸内町18-2,1,,,34.34718117,134.0298057,
370,E3720100117111,日新コミュニティセンター,香川県高松市瀬戸内町22-9,1,,,34.34757832,134.0325072,
371,E3720100118111,下笠居小学校,香川県高松市生島町345,1,,,34.35808589,133.9686835,
372,E3720100119111,下笠居コミュニティセンター,香川県高松市生島町353-1,1,,,34.35869853,133.9688211,
373,E3720100120111,下笠居中学校,香川県高松市生島町372-1,1,,,34.35767886,133.9673716,
374,E3720100122111,西植田コミュニティセンター,香川県高松市西植田町2247-1,1,,,34.24033309,134.0788733,
375,E3720100123111,植田小学校,香川県高松市西植田町2337,1,,,34.23940658,134.0789605,
376,E3720100124111,山田中学校,香川県高松市川島東町1257-1,1,,,34.2676336,134.0924065,
377,E3720100125111,川島小学校,香川県高松市川島東町864-1,1,,,34.27578499,134.0893573,
378,E3720100192111,川島コミュニティセンター,香川県高松市川島本町191-10,1,,,34.276966,134.085648,
379,E3720100192121,山田総合センター,香川県高松市川島本町191-10,1,,乳児及び妊産婦とその家族,34.276929,134.085685,
380,E3720100127111,川岡小学校,香川県高松市川部町1552,1,,,34.26745424,134.0064559,
381,E3720100128111,川岡コミュニティセンター,香川県高松市川部町486-3,1,,,34.269416101791,134.00999145413,
382,E3720100129111,二番丁コミュニティセンター,香川県高松市扇町2-8-7,1,,,34.34451099,134.0365196,
383,E3720100130111,高松東高校（体育館）,香川県高松市前田東町690-1,1,,,34.29085705,134.1119221,
384,E3720100131111,前田小学校,香川県高松市前田東町819-3,1,,,34.29624658,134.1125293,
385,E3720100132111,前田コミュニティセンター,香川県高松市前田東町838,1,,,34.29660365,134.1126271,
386,E3720100133111,高松桜井高等学校（体育館）,香川県高松市多肥上町1250,1,,,34.2963556,134.0570535,
387,E3720100135111,多肥コミュニティセンター,香川県高松市多肥上町433-5,1,,,34.29044028,134.0515211,
388,E3720100136111,多肥小学校,香川県高松市多肥上町902-2,1,,,34.29255598,134.0525968,
389,E3720100137111,太田中学校,香川県高松市太田下町1800,1,,,34.30637089,134.0451814,
390,E3720100138111,太田南小学校,香川県高松市太田下町1823-1,1,,,34.30584852,134.0435429,
391,E3720100139111,太田南コミュニティセンター,香川県高松市太田上町1045-2,1,,,34.3018699,134.0413326,
392,E3720100141111,男木小・中学校,香川県高松市男木町165,1,,,34.4200508,134.0568534,
393,E3720100190111,男木コミュニティセンター,香川県高松市男木町1988,1,,,34.422521,134.054146,
394,E3720100142112,築地小学校跡施設,香川県高松市築地町14-1,1,,,34.34090186,134.056885,
395,E3720100142111,築地コミュニティセンター,香川県高松市築地町14-1,1,,,34.34122963,134.0568501,
396,E3720100143111,香川高等専門学校（体育館）,香川県高松市勅使町355,1,,,34.31014669,134.0093798,
397,E3720100144111,弦打コミュニティセンター,香川県高松市鶴市町356-3,1,,,34.32895206,134.0057813,
398,E3720100145111,弦打小学校,香川県高松市鶴市町374-1,1,,,34.3290412,134.0054794,
399,E3720100146111,鶴尾コミュニティセンター,香川県高松市田村町303-1,1,,,34.31383939,134.0302573,
400,E3720100147111,川添小学校,香川県高松市東山崎町207-1,1,,,34.30692564,134.092987,
401,E3720100148111,東植田コミュニティセンター,香川県高松市東植田町1825-1,1,,,34.23824103,134.0990775,
402,E3720100149111,東植田小学校,香川県高松市東植田町2008,1,,,34.23910721,134.0975974,
403,E3720100151111,四番丁小学校跡施設,香川県高松市番町1-5-1,1,,,34.34335033,134.0470236,
404,E3720100152111,四番丁コミュニティセンター,香川県高松市番町2-3-5,1,,,34.34354682,134.0449204,
405,E3720100153111,高松工芸高等学校（体育館）,香川県高松市番町2-9-30,1,,,34.34340658,134.0423597,
406,E3720100154111,高松高等学校（体育館）,香川県高松市番町3-1-1,1,,,34.34172126,134.0435152,
407,E3720100155111,太田コミュニティセンター,香川県高松市伏石町2016-37,1,,,34.318480487361,134.05443085043,
408,E3720100157111,太田小学校,香川県高松市伏石町845-1,1,,,34.31220491,134.0523578,
409,E3720100158111,高松市総合体育館,香川県高松市福岡町4-36-1,1,,,34.34193604,134.074178,
410,E3720100159111,仏生山コミュニティセンター,香川県高松市仏生山町乙45-4,1,,,34.27850372,134.047878,
411,E3720100194121,仏生山交流センター,香川県高松市仏生山町甲218-1,,,乳児、妊産婦とその家族,34.284443,134.040802,
412,E3720100160111,仏生山小学校,香川県高松市仏生山町甲2461,1,,,34.27429007,134.0471608,
413,E3720100164111,総合教育センター,香川県高松市末広町5,1,,,34.34381914,134.055848,
414,E3720100165111,牟礼中央公園運動センター,香川県高松市牟礼町原1019-8,1,,,34.33259955,134.1471602,
415,E3720100166111,香川県立保健医療大学（体育館）,香川県高松市牟礼町原281-1,1,,,34.3217385,134.1576567,
416,E3720100169111,牟礼南小学校,香川県高松市牟礼町大町1115-1,1,,,34.333941,134.1521065,
417,E3720100170111,大町コミュニティセンター,香川県高松市牟礼町大町1463-2,1,,,34.33613533,134.1426806,
418,E3720100171111,牟礼小学校,香川県高松市牟礼町大町1560,1,,,34.33624316,134.1420594,
419,E3720100173111,牟礼総合体育館,香川県高松市牟礼町牟礼152-10,1,,,34.34252247,134.1430848,
420,E3720100175111,牟礼北小学校,香川県高松市牟礼町牟礼2900-1,1,,,34.35111179,134.1255751,
421,E3720100176121,牟礼総合センター,香川県高松市牟礼町牟礼302-1,1,,乳児、妊産婦とその家族,34.337853,134.139416,
422,E3720100176111,牟礼コミュニティセンター,香川県高松市牟礼町牟礼302-1,1,,,34.33795739,134.1392154,
423,E3720100177111,牟礼中学校,香川県高松市牟礼町牟礼46-2,1,,,34.34017213,134.1428074,
424,E3720100178111,木太南コミュニティセンター,香川県高松市木太町1486,1,,,34.3192271,134.076232,
425,E3720100179111,木太南小学校,香川県高松市木太町1530-1,1,,,34.32068103,134.0740468,
426,E3720100180111,木太北部コミュニティセンター,香川県高松市木太町2603,1,,,34.33564054,134.0794841,
427,E3720100181111,木太北部小学校,香川県高松市木太町2613,1,,,34.33577087,134.0807244,
428,E3720100182111,木太小学校,香川県高松市木太町3480-1,1,,,34.32566216,134.0769156,
429,E3720100183111,木太コミュニティセンター,香川県高松市木太町3480-2,1,,,34.326202185597,134.07673629543,
430,E3720100185111,木太中学校,香川県高松市木太町5059-3,1,,,34.3145207,134.0677163,
431,E3720100186111,林小学校,香川県高松市林町1108-1,1,,,34.30172149,134.0700584,
432,E3720100187111,香川大学創造工学部,香川県高松市林町2217-20,1,,,34.29294626,134.0637355,
433,E3720100189111,林コミュニティセンター,香川県高松市林町329-1,1,,,34.30156736,134.0750199,
434,E3720300001111,交流の里おうごし,香川県坂出市王越町木沢1197-8,1,,,34.366219022534,133.9160569656,
435,E3720300002111,加茂小学校,香川県坂出市加茂町1098-3,1,,,34.311984381963,133.90905910912,
436,E3720300004111,旧岩黒小・中学校,香川県坂出市岩黒240,1,,,34.407664062037,133.81250691535,
437,E3720300005111,東部中学校,香川県坂出市久米町2-7-46,1,,,34.320191827178,133.8647765963,
438,E3720300007111,坂出第一高等学校体育館・武道場,香川県坂出市駒止町2-1-3,1,,,34.309850530511,133.85555869357,
439,E3720300008111,坂出工業高等学校　心技館,香川県坂出市御供所町1-1-2,1,,,34.318082,133.841982,
440,E3720300009111,松山小学校,香川県坂出市高屋町1050-1,1,,,34.338544885162,133.90788838888,
441,E3720300011111,万葉会館,香川県坂出市沙弥島70-1,1,,,34.347119,133.82275,
442,E3720300012111,東部小学校,香川県坂出市室町1-1-21,1,,,34.31446092331,133.86145465411,
443,E3720300013111,中央体育館,香川県坂出市寿町3-1-2,1,,,34.317045,133.850142,
444,E3720300014111,坂出中学校,香川県坂出市小山町2-1,1,,,34.299341073743,133.85327583069,
445,E3720300015111,旧瀬居小学校,香川県坂出市瀬居町1500-1,1,,,34.352218301538,133.84994389815,
446,E3720300018111,西庄小学校,香川県坂出市西庄町524-5,1,,,34.313676117942,133.89074366257,
447,E3720300019111,坂出商業高等学校　新体育館,香川県坂出市青葉町1-13,1,,,34.306477,133.853565,
448,E3720300020111,香川大学附属坂出中学校体育館,香川県坂出市青葉町1-7,1,,,34.308864551441,133.85372363061,
449,E3720300021111,川津小学校,香川県坂出市川津町3093-3,1,,,34.293677840653,133.85772962831,
450,E3720300024111,金山小学校,香川県坂出市谷町3-1-23,1,,,34.31014503404,133.86748536575,
451,E3720300026111,坂出市立体育館,香川県坂出市入船町2-1-59,1,,,34.323263,133.857796,
452,E3720300027111,坂出小学校,香川県坂出市白金町1-3-7,1,,,34.313953879858,133.84612916931,
453,E3720300028111,旧瀬居中学校,香川県坂出市番の州町11,1,,,34.352473,133.857174,
454,E3720300030111,府中小学校,香川県坂出市府中町1193-3,1,,,34.288968974476,133.91683235582,
455,E3720300033111,坂出高等学校　第２体育館,香川県坂出市文京町2-1-5,1,,,34.30943,133.853219,
456,E3720300034111,香川大学附属坂出小学校体育館,香川県坂出市文京町2-4-2,1,,,34.310211969738,133.85115297668,
457,E3720300035111,市民ふれあい会館,香川県坂出市本町1-2-1,1,,,34.313232,133.851607,
458,E3720300036111,中央公民館与島分館,香川県坂出市与島町102,1,,,34.385007596238,133.82265176442,
459,E3720300037111,与島開発総合センター,香川県坂出市与島町514-22,1,,,34.390315702939,133.81938627116,
460,E3720300038111,白峰中学校,香川県坂出市林田町181-1,1,,,34.325267438429,133.89971809259,
461,E3720300039111,林田小学校,香川県坂出市林田町2215-1,1,,,34.328161857938,133.89040457487,
462,E3720300041111,中央公民館櫃石分館（旧櫃石小・中学校含む）,香川県坂出市櫃石585-17,1,,,34.420455789509,133.80663971164,
463,E3720800080111,さぬき合掌殿高瀬,香川県三豊市高瀬町下高瀬110-1,,,,34.180614,133.72389,
464,E3720800001111,高瀬高等学校,香川県三豊市高瀬町下勝間2093,1,,,34.177837304358,133.71146763015,
465,E3720800002111,みとよ未来創造館,香川県三豊市高瀬町下勝間2347-1,1,,,34.182021,133.71382,
466,E3720800003111,高瀬町体育館,香川県三豊市高瀬町下勝間2687-1,1,,,34.180302,133.7201,
467,E3720800004111,高瀬中学校,香川県三豊市高瀬町下勝間2725-1,1,,,34.180263575524,133.72087212586,
468,E3720800005111,高瀬町公民館勝間分館,香川県三豊市高瀬町下勝間350-2,1,,,34.174987,133.726684,
469,E3720800006111,勝間小学校,香川県三豊市高瀬町下勝間803-1,1,,,34.174812750983,133.72578306779,
470,E3720800007111,麻地区農業構造改善センター,香川県三豊市高瀬町下麻1210-5,1,,,34.176419,133.767905,
471,E3720500099121,障害者支援施設高瀬荘,香川県三豊市高瀬町佐股乙425-3,,,,34.149938266133,133.7366486861,
472,E3720500100121,障害者支援施設みとよ荘,香川県三豊市高瀬町佐股乙443-1,,,,34.149588102111,133.7378267324,
473,E3720800008111,二ノ宮小学校,香川県三豊市高瀬町佐股甲1497-1,1,,,34.159334313658,133.74119868569,
474,E3720800009111,二ノ宮地区農業構造改善センター,香川県三豊市高瀬町佐股甲3343-4,1,,,34.160064,133.738444,
475,E3720800010111,三豊市総合体育館,香川県三豊市高瀬町上高瀬751-24,1,,,34.194057,133.727108,
476,E3720800011111,上高瀬小学校,香川県三豊市高瀬町上高瀬783-2,1,,,34.192665510917,133.72578669624,
477,E3720800012111,麻小学校,香川県三豊市高瀬町上麻3868,1,,,34.175569793956,133.76816628836,
478,E3720800013111,高瀬町公民館比地二分館,香川県三豊市高瀬町比地186,1,,,34.17819,133.692818,
479,E3720800014111,比地小学校,香川県三豊市高瀬町比地93-1,1,,,34.179755167162,133.69321751701,
480,E3720800015111,高瀬Ｂ＆Ｇ海洋センター,香川県三豊市高瀬町比地中2986-2,1,,,34.173364,133.704077,
481,E3720800083111,たからだの里,香川県三豊市財田町財田上1110-8,1,,,34.108362,133.796217,
482,E3720800016111,特別養護老人ホーム諶之丞の丘,香川県三豊市財田町財田上1112-1,1,,,34.106181,133.796485,
483,E3720800017111,財田町公民館,香川県三豊市財田町財田上2171,1,,,34.119471,133.779013,
484,E3720800018111,財田町総合運動公園,香川県三豊市財田町財田上2350,1,,,34.11619867107,133.77115593535,
485,E3720800019111,和光中学校,香川県三豊市財田町財田上2790,1,,,34.124155506614,133.77806386213,
486,E3720800020111,宝光寺,香川県三豊市財田町財田上6986,1,,,34.121468,133.810939,
487,E3720800021111,（旧）財田上小学校,香川県三豊市財田町財田上726,1,,,34.118715,133.801256,
488,E3720800022111,大野地公民館,香川県三豊市財田町財田中4026-4,1,,,34.11189,133.764075,
489,E3720800023111,財田小学校,香川県三豊市財田町財田中5325-1,1,,,34.116733303608,133.76957508403,
490,E3720800025111,三豊市財田町防災センター,香川県三豊市財田町財田中598,1,,,34.108285301695,133.76125094529,
491,E3720800026111,三野町生涯学習センター,香川県三豊市三野町下高瀬568-1,1,,,34.202703,133.706221,
492,E3720800027111,三野津中学校,香川県三豊市三野町下高瀬720,1,,,34.205548908716,133.70118365047,
493,E3720800028111,三野町体育センター,香川県三豊市三野町下高瀬752-2,1,,,34.202709,133.703248,
494,E3720800029111,下高瀬小学校,香川県三豊市三野町下高瀬760-1,1,,,34.203321167011,133.70326676687,
495,E3720800030111,吉津小学校,香川県三豊市三野町吉津乙1485-1,1,,,34.201516225763,133.68257789844,
496,E3720800031111,三野町保健センター,香川県三豊市三野町吉津乙2030-1,1,,,34.202267,133.694775,
497,E3720800032111,三野町公民館吉津分館,香川県三豊市三野町吉津甲1073-1,1,,,34.198585,133.688367,
498,E3720800033111,ふれあいパークみの,香川県三豊市三野町大見乙74,1,,,34.226032,133.722535,
499,E3720500101121,介護老人保健施設みの荘,香川県三豊市三野町大見乙91-8,,,,34.226400934407,133.72048669218,
500,E3720800034111,三野町はつらつセンター,香川県三豊市三野町大見甲3034-1,1,,,34.217261,133.714997,
501,E3720800035111,大見小学校,香川県三豊市三野町大見甲3034-4,1,,,34.216355288555,133.71455266717,
502,E3720800076111,三豊市地域交流館大見,香川県三豊市三野町大見甲3078-4,1,,,34.216979,133.713897,
503,E3720800037111,河内農村婦人の家,香川県三豊市山本町河内1080-1,1,,,34.09974,133.734761,
504,E3720800038111,（旧）河内小学校,香川県三豊市山本町河内714,1,,,34.100666785738,133.73540534507,
505,E3720800039112,山本町保健センター,香川県三豊市山本町財田西375,1,,,34.118538,133.726042,
506,E3720800039111,山本町農村環境改善センター,香川県三豊市山本町財田西375,1,,,34.118695,133.725275,
507,E3720800040111,神田定住促進センター,香川県三豊市山本町神田1250-3,1,,,34.142180820915,133.7708954785,
508,E3720800041111,（旧）神田小学校,香川県三豊市山本町神田1259,1,,,34.142244892811,133.76981380821,
509,E3720800079111,レクザム・カマタマーレ讃岐・クラブハウス,香川県三豊市山本町神田乙500-1,1,,,34.127774,133.769815,
510,E3720800042111,財田大野農業構造改善センター,香川県三豊市山本町大野266-1,1,,,34.121822,133.728005,
511,E3720800043111,山本小学校,香川県三豊市山本町大野6-1,1,,,34.122149699411,133.73392674573,
512,E3720800044111,山本町公民館辻分館,香川県三豊市山本町辻1374-1,1,,,34.113774,133.71927,
513,E3720800045111,（旧）辻小学校,香川県三豊市山本町辻1375,1,,,34.114145418077,133.71888427465,
514,E3720800046111,三豊中学校,香川県三豊市山本町辻876,1,,,34.12260830095,133.71184344293,
515,E3720800047111,円明院,香川県三豊市仁尾町家の浦5,1,,,34.217568,133.630424,
516,E3720800048111,八幡神社,香川県三豊市仁尾町仁尾乙47-1,1,,,34.198599,133.651933,
517,E3720800049111,曽保小学校,香川県三豊市仁尾町仁尾甲1082,1,,,34.174350180015,133.65116717791,
518,E3720800050111,仁尾町体育センター,香川県三豊市仁尾町仁尾辛34-1,1,,,34.19781,133.6452,
519,E3720800051111,仁尾中学校,香川県三豊市仁尾町仁尾辛38-2,1,,,34.196327205468,133.64610113491,
520,E3720800052111,仁尾町文化会館,香川県三豊市仁尾町仁尾丁296-1,1,,,34.200683,133.646265,
521,E3720800053111,常徳寺,香川県三豊市仁尾町仁尾丁930,1,,,34.203009,133.646357,
522,E3720800054111,仁尾小学校,香川県三豊市仁尾町仁尾丙1736,1,,,34.202995281143,133.65173729747,
523,E3720800055111,桑山小学校,香川県三豊市豊中町岡本188-1,1,,,34.154227547462,133.68158698596,
524,E3720800056111,笠田小学校,香川県三豊市豊中町笠田笠岡2192-1,1,,,34.157829704441,133.70657948926,
525,E3720800082111,さぬき合掌殿豊中,香川県三豊市豊中町笠田笠岡2311-1,1,,,34.15979,133.7081,
526,E3720800057111,笠田高等学校,香川県三豊市豊中町笠田竹田251,1,,,34.151689916566,133.69981525604,
527,E3720800058111,上高野小学校,香川県三豊市豊中町上高野2384,1,,,34.144275979335,133.70656846145,
528,E3720800059111,比地大小学校,香川県三豊市豊中町比地大2514-1,1,,,34.16722749145,133.68917571312,
529,E3720800060111,豊中中学校,香川県三豊市豊中町本山甲148-1,1,,,34.146126244982,133.69606364566,
530,E3720800061111,三豊市市民交流センター,香川県三豊市豊中町本山甲160-1,1,,,34.147596,133.696001,
531,E3720800061112,豊中町農村環境改善センター,香川県三豊市豊中町本山甲160-1,1,,,34.14742,133.696107,
532,E3720800062111,本山小学校,香川県三豊市豊中町本山甲1893-1,1,,,34.140238718754,133.69928384656,
533,E3720800063111,（旧）粟島小学校,香川県三豊市詫間町粟島1506-2,1,,,34.270042513846,133.6300286994,
534,E3720800064111,粟島開発総合センター,香川県三豊市詫間町粟島861-17,1,,,34.269372,133.633941,
535,E3720800065111,香川高等専門学校詫間キャンパス,香川県三豊市詫間町香田551,1,,,34.234785428843,133.63561601836,
536,E3720800066111,志々島老人いこいの家,香川県三豊市詫間町志々島394-2,1,,,34.269897,133.681184,
537,E3720800067111,松崎コミュニティセンター,香川県三豊市詫間町松崎717-1,1,,,34.221054144908,133.69328631715,
538,E3720800068111,松崎小学校,香川県三豊市詫間町松崎722,1,,,34.22116487088,133.69423691698,
539,E3720800077111,三豊市地域交流館荘内,香川県三豊市詫間町大浜甲1633-36,1,,,34.235586,133.616619,
540,E3720800071112,（旧）箱浦小学校,香川県三豊市詫間町箱551-1,1,,,34.254968,133.586848,
541,E3720800078111,箱浦ビジターハウス,香川県三豊市詫間町箱859-29,1,,,34.258289,133.588823,
542,E3720800073111,詫間小学校,香川県三豊市詫間町詫間2158,1,,,34.225419926817,133.66695009192,
543,E3720800074111,詫間中学校,香川県三豊市詫間町詫間5796-1,1,,,34.233901542898,133.65744156115,
544,E3734100001111,井戸教育集会所,香川県三木町井戸2631-1,1,,,34.265307,134.163028,
545,E3734100002111,井戸公民館,香川県三木町井戸2679-1,1,,,34.265117534333,134.16269590675,
546,E3734100003111,老人福祉会館あけぼの荘,香川県三木町井上1966-5,1,,,34.292333,134.138286,
547,E3734100004111,津柳地区コミュニティセンター,香川県三木町奥山1109-6,1,,,34.191333,134.140705,
548,E3734100005111,旧神山小中学校,香川県三木町奥山987,1,,,34.18987042,134.1412224,
549,E3734100006111,ウォーキングセンター,香川県三木町下高岡1459-2,1,,,34.261644,134.148695,
550,E3734100007111,白山教育集会所,香川県三木町下高岡2123-1,1,,,34.262369,134.14136,
551,E3734100009111,白山小学校,香川県三木町下高岡352-1,1,,,34.25949970776,134.15548926879,
552,E3734100010111,神山公民館,香川県三木町鹿庭1755-1,1,,,34.22801031,134.1549001,
553,E3734100011111,鹿庭コミュニティセンター,香川県三木町鹿庭乙255,1,,,34.22321,134.155414,
554,E3734100012111,平木文化センター,香川県三木町鹿伏256-1,1,,,34.26955556,134.1361688,
555,E3734100013111,三木町文化交流プラザ,香川県三木町鹿伏360,1,,,34.272395,134.136222,
556,E3734100014111,旧小蓑小中学校,香川県三木町小蓑1351-1,1,,,34.186789865052,134.11845484232,
557,E3734100015111,共同福祉施設,香川県三木町上高岡2542-5,1,,,34.23681952,134.1437863,
558,E3734100016111,三木町Ｂ＆Ｇ海洋センター,香川県三木町上高岡2544-3,1,,,34.238203,134.145257,
559,E3734100017111,すぱーく三木屋内ゲートボール場,香川県三木町上高岡2545-14,1,,,34.236984735597,134.14495419881,
560,E3734100018111,ししの子幼稚園・保育所,香川県三木町大字池戸1388-34,1,,,34.288256521624,134.12470405267,
561,E3734100019111,保健センター,香川県三木町池戸1276-5,1,,,34.282071,134.128413,
562,E3734100020111,池戸商工センター,香川県三木町池戸2340-1,1,,,34.27788503,134.1216813,
563,E3734100030121,社会福祉法人朝日園,香川県三木町池戸931-6,,,身体障がい者（障がいの程度が１級又は２級に該当する方若しくはそれに相当する方）、知的障がい者（療育手帳をお持ちの方）、これに準じる者　　※ただし、家族等による介護を受けられる方は除く。,34.294479,134.130288,
564,E3734100021111,農業者トレーニングセンター,香川県三木町朝倉1441,1,,,34.23134091,134.1211622,
565,E3734100022111,田中公民館,香川県三木町田中3841-1,1,,,34.245396936497,134.12174816746,
566,E3734100023111,田中小学校,香川県三木町田中4620-2,1,,,34.242027169418,134.12043269259,
567,E3734100024111,氷上小学校,香川県三木町氷上2845,1,,,34.254219301462,134.13498810437,
568,E3734100025111,地域交流センター,香川県三木町氷上2871,1,,,34.253623555847,134.13436438162,
569,E3734100026111,三木中学校,香川県三木町氷上31,1,,,34.268612435406,134.12831336124,
570,E3734100027111,三木町防災センター,香川県三木町氷上310,1,,,34.2684891,134.1347438,
571,E3734100028111,農村環境改善センター,香川県三木町氷上370-2,1,,,34.268376,134.13519,
572,E3734100029111,平井小学校,香川県三木町平木710-1,1,,,34.276841505241,134.13490858836,
573,E3732400002111,安田小学校体育館,香川県小豆島町安田甲417-2,1,,,34.48479473,134.3187825,
574,E3732400005111,小豆島中央高校第１体育館,香川県小豆島町蒲生甲1001,1,,,34.480800766665,134.21692119371,
575,E3732400006111,蒲生公民館,香川県小豆島町蒲生甲1805-1,1,,,34.4834919,134.2107546,
576,E3732400007121,特別養護老人ホームリベラルサンシャイン,香川県小豆島町蒲生甲350,,,要配慮者,34.477171534326,134.21615670238,
577,E3732400008111,三都公民館,香川県小豆島町蒲野1642-1,1,,,34.44198512584,134.25050551196,
578,E3732400013111,橘会館,香川県小豆島町橘甲442-1,1,,,34.49146123,134.3421418,
579,E3732400015111,坂手公民館,香川県小豆島町坂手甲1834-6,1,,,34.45706088,134.3215905,
580,E3732400019111,室生体育館,香川県小豆島町室生2211-7,1,,,34.470581090383,134.23403371482,
581,E3732400021111,サン・オリーブ,香川県小豆島町西村乙1879-5,1,,,34.47329237,134.2750666,
582,E3732400022111,西村公民館,香川県小豆島町西村甲1069-1,1,,,34.47315431048,134.28370391535,
583,E3732400029111,草壁公民館,香川県小豆島町草壁本町438-3,1,,,34.48292251,134.30232427116,
584,E3732400032111,星城小学校体育館,香川県小豆島町草壁本町667-1,1,,,34.48148214,134.3012968,
585,E3732400035111,池田小学校体育館,香川県小豆島町池田1760,1,,,34.47998502,134.2365447,
586,E3732400037111,小豆島町農村環境改善センター（池田公民館）,香川県小豆島町池田2124,1,,,34.483814461038,134.23437727732,
587,E3732400039111,中山体育館,香川県小豆島町中山1585-1,1,,,34.50334729,134.2419544,
588,E3732400043111,二生公民館,香川県小豆島町二面568-1,1,,,34.461135903788,134.24294017547,
589,E3732400048121,特別養護老人ホームマリアの園,香川県小豆島町苗羽乙1212-14,,,要配慮者,34.468232418485,134.32752364947,
590,E3732400050111,苗羽小学校体育館,香川県小豆島町苗羽甲16-1,1,,,34.46988639,134.3189999,
591,E3732400052111,福田公民館,香川県小豆島町福田甲546-1,1,,,34.543761,134.341666,
592,E3732400055111,小豆島中学校体育館,香川県小豆島町片城甲44-1,1,,,34.48026322,134.3112817,
593,E3732400056111,小豆島町役場西館１階,香川県小豆島町片城甲44-95,1,,,34.479461796597,134.30813209519,
594,E3732400056121,小豆島町介護保険施設,香川県小豆島町片城甲44-95,1,,要配慮者,34.479826170338,134.30824297707,
595,E3732400056122,小豆島町役場西館２階,香川県小豆島町片城甲44-95,1,,要配慮者,34.479320290998,134.30814282402,
596,E3720400001111,東部公民館,香川県善通寺市稲木町380-3,,,,34.235863,133.783462,
597,E3720400002111,東部小学校,香川県善通寺市稲木町450-1,1,,,34.234851,133.781595,
598,E3720400003111,吉原公民館,香川県善通寺市吉原町1569-1,,,,34.227649,133.752432,
599,E3720400004111,吉原小学校,香川県善通寺市吉原町2811,1,,,34.229667,133.751011,
600,E3720400005111,市民体育館,香川県善通寺市金蔵寺町398-6,1,,,34.239077,133.792319,
601,E3720400006111,消防団第６分団統合屯所,香川県善通寺市原田町1424-1,,,,34.251422,133.785472,
602,E3720400007111,竜川小学校,香川県善通寺市原田町306-1,1,,,34.249012,133.792566,
603,E3720400008111,筆岡公民館,香川県善通寺市弘田町288,,,,34.237558,133.762824,
604,E3720400009111,生野分館,香川県善通寺市生野町1282-2,,,,34.225123,133.790853,
605,E3720400010111,南部小学校,香川県善通寺市生野町2990-1,1,,,34.215936,133.789784,
606,E3720400011111,東中学校,香川県善通寺市生野本町2-14-1,1,,,34.225631,133.786821,
607,E3720400012112,西部小学校,香川県善通寺市善通寺町1146,1,,,34.220695,133.773029,
608,E3720400012111,西部公民館,香川県善通寺市善通寺町1146,1,,,34.221009,133.773577,
609,E3720400013111,中央公民館,香川県善通寺市善通寺町6-10-25,,,,34.22934,133.776287,
610,E3720400014111,南部公民館,香川県善通寺市大麻町1306-1,1,,,34.210005,133.803289,
611,E3720400015111,筆岡小学校,香川県善通寺市中村町1575-2,1,,,34.238812,133.765908,
612,E3720400016111,西中学校,香川県善通寺市文京町4-1-1,1,,,34.223339,133.780397,
613,E3720400017111,中央小学校（中央公民館分館を含む）,香川県善通寺市文京町4-5-1,1,,,34.22405841,133.7785523,
614,E3720400018111,与北小学校,香川県善通寺市与北町1238,1,,,34.233554,133.808903,
615,E3720400019111,与北公民館,香川県善通寺市与北町1245-2,,,,34.233257,133.807921,
616,E3720400020111,善通寺隣保館,香川県善通寺市与北町2870-23,,,,34.234337,133.799374,
617,E3740400001111,県立多度津高等学校,香川県多度津町栄町1-1-82,1,,,34.27231091,133.7546775,
618,E3740400002111,多度津小学校,香川県多度津町栄町3-1-9,1,,,34.27113228,133.7537367,
619,E3740400003111,白方小学校,香川県多度津町奥白方1142,1,,,34.250534,133.731856,
620,E3740400005111,豊原幼稚園,香川県多度津町葛原835-1,1,,,34.264148,133.765613,
621,E3740400007111,高見島研修センター（旧高見小学校）,香川県多度津町高見1723,1,,,34.310885,133.681574,
622,E3740400010111,佐柳いこいの家,香川県多度津町佐柳2638-1,1,,,34.351885,133.621927,
623,E3740400012111,佐柳本浦住民会館,香川県多度津町佐柳846-7,1,,,34.335419,133.628585,
624,E3740400014111,四箇小学校,香川県多度津町三井433-1,1,,,34.25235071,133.7533118,
625,E3740400016111,町民健康センター,香川県多度津町西港町127-1,1,,,34.265166,133.737987,
626,E3740400016121,町民健康センター,香川県多度津町西港町127-1,1,,,34.265166,133.737987,
627,E3740400039111,多度津町リサイクルプラザ,香川県多度津町桃山13-1,1,,,34.266255,133.74522,
628,E3740400040111,豊原小学校,香川県多度津町南鴨704,1,,,34.2666421,133.765333,
629,E3740400046111,多度津中学校,香川県多度津町本通2-11-55,1,,,34.26390342,133.7507244,
630,E3736400001111,直島町役場,香川県直島町1122-1,1,,,34.459991388294,133.99559687641,
631,E3736400002111,直島中学校,香川県直島町1580,1,,,34.457867,133.98809,
632,E3736400003111,直島小学校,香川県直島町1600,1,,,34.458766780283,133.9859749084,
633,E3736400004111,直島幼児学園,香川県直島町1841-9,1,,,34.4592034029,133.98475971,
634,E3736400005111,直島町総合福祉センター分館,香川県直島町2123,1,,,34.452351439626,133.97713896165,
635,E3736400006111,直島町西部公民館,香川県直島町2310-5,1,,,34.459709,133.975462,
636,E3736400007111,向島集会所,香川県直島町2882,1,,,34.463250221127,134.00030450461,
637,E3736400008111,直島町総合福祉センター本館,香川県直島町3694-1,1,,,34.457089886312,133.97893531859,
638,E3736400009111,三菱マテリアル株式会社直島製錬所体育館,香川県直島町3869-1,1,,,34.46541676284,133.9772677127,
639,E3736400010111,屏風島集会所,香川県直島町4559-15,1,,,34.498462385815,133.97308008311,
640,E3736400011112,積浦集会所,香川県直島町4780-10,1,,,34.452422567227,133.99985518982,
641,E3736400011111,直島町地域づくり人材育成センター,香川県直島町4780-10,1,,,34.4524526397,133.999857682,
642,E3736400012111,直島ホール　体育室,香川県直島町696-1,1,,,34.459401649417,133.99592379803,
643,E3732200001111,四海公民館,香川県土庄町伊喜末1-8,1,,,34.515145064897,134.16713881838,
644,E3732200002111,四海体育館,香川県土庄町伊喜末381,1,,,34.512125,134.171197,
645,E3732200005111,北浦体育館,香川県土庄町見目甲1587,1,,,34.526496,134.228302,
646,E3732200006111,北浦公民館,香川県土庄町見目甲1705-15,1,,,34.526245871071,134.228317948,
647,E3732200008111,土庄町総合会館,香川県土庄町甲267-78,1,,,34.482042,134.191349,
648,E3732200013111,中央公民館,香川県土庄町甲620,1,,,34.486147,134.184409,
649,E3732200014111,土庄体育館,香川県土庄町甲657-7,1,,,34.486174,134.183308,
650,E3732200020111,大部公民館,香川県土庄町大部甲1947,1,,,34.545692116072,134.28098518412,
651,E3732200021111,大部体育館,香川県土庄町大部甲1975,1,,,34.54494748857,134.281062,
652,E3732200024111,大鐸体育館,香川県土庄町肥土山甲1735,1,,,34.505394,134.225041,
653,E3732200025111,アクティブ大鐸,香川県土庄町肥土山甲1735-1,1,,,34.505165,134.224537,
654,E3732200027112,豊島小中学校,香川県土庄町豊島家浦2516,1,,,34.484575813598,134.06162785562,
655,E3732200027111,豊島小中学校体育館,香川県土庄町豊島家浦2516,1,,,34.484239758006,134.06203555139,
656,E3732200031111,渕崎公民館,香川県土庄町渕崎甲1400-10,1,,,34.48658,134.189767,
657,E3732200033111,土庄中学校体育館,香川県土庄町渕崎甲1936,1,,,34.486539,134.193012,
658,E3732200033112,土庄中学校,香川県土庄町渕崎甲1936,1,,,34.486474586102,134.19218771989,
659,E3732200034112,土庄小学校,香川県土庄町渕崎甲2080-1,1,,,34.485299987043,134.19224405026,
660,E3732200034111,土庄小学校体育館,香川県土庄町渕崎甲2080-1,1,,,34.485091373991,134.19161889815,
661,E3720700001111,引田飛翔体育館,香川県東かがわ市引田1030,1,,,34.216807223824,134.39344036626,
662,E3720700002111,引田公民館,香川県東かがわ市引田513-1,1,,,34.224102977041,134.40454816532,
663,E3720700003111,引田小中学校体育館,香川県東かがわ市引田545-1,1,,,34.222431381396,134.40367819364,
664,E3720700004111,引田こども園,香川県東かがわ市引田545-6,1,,,34.22081370582,134.40290332933,
665,E3720700005111,引田武道館,香川県東かがわ市引田972-1,1,,,34.216435097746,134.39484952974,
666,E3720700006111,人権センター大内交流館,香川県東かがわ市横内732,1,,,34.252935790881,134.32383228956,
667,E3720700007111,白鳥中央公園体育館,香川県東かがわ市帰来1101,1,,,34.231220803083,134.37133148841,
668,E3720700008111,五名コミュニティセンター,香川県東かがわ市五名1400,1,,,34.1925765512,134.249039516,
669,E3720700009111,社会福祉協議会大内支所,香川県東かがわ市三本松1295-15,1,,,34.244859005275,134.33642265549,
670,E3720700010111,大内公民館,香川県東かがわ市三本松1296-36,1,,,34.24529205823,134.33656470218,
671,E3720700011111,三本松高校体育館,香川県東かがわ市三本松1500-1,1,,,34.248983416371,134.33539569855,
672,E3720700012111,三本松コミュニティセンター,香川県東かがわ市三本松860,1,,,34.254348441512,134.33655511048,
673,E3720700013111,三本松コミュニティセンター多目的ホール,香川県東かがわ市三本松862-1,1,,,34.254515669734,134.33614670445,
674,E3720700014111,小海コミュニティセンター,香川県東かがわ市小海1333-1,1,,,34.21638573706,134.37849079377,
675,E3720700015111,小海公民館,香川県東かがわ市小海1451,,,,34.216403470404,134.37648676977,
676,E3720700016112,本町コミュニティセンター,香川県東かがわ市松原167-1,1,,,34.247617,134.360161,
677,E3720700016111,本町コミュニティセンター多目的ホール,香川県東かがわ市松原167-1,1,,,34.247617,134.360162,
678,E3720700017111,水主交流センター,香川県東かがわ市水主1143-1,1,,,34.226603550479,134.30419632003,
679,E3720700018111,とらまる公園キャンプ場,香川県東かがわ市西村1155,1,,,34.241109720715,134.31539080667,
680,E3720700018112,とらまるてぶくろ体育館,香川県東かがわ市西村1155,1,,,34.241047635712,134.31661389397,
681,E3720700019111,大内小・大川中学校体育館,香川県東かがわ市西村1510,1,,,34.249256421916,134.32217390529,
682,E3720700020111,誉水公民館,香川県東かがわ市中筋469,1,,,34.242160379464,134.32193781356,
683,E3720700021111,丹生こども園,香川県東かがわ市町田182-1,1,,,34.250442239835,134.30100853099,
684,E3720700022111,丹生コミュニティセンター,香川県東かがわ市町田96-1,1,,,34.250958550454,134.29892891469,
685,E3720700023111,相生コミュニティセンター,香川県東かがわ市南野103-2,1,,,34.212219782298,134.41299236991,
686,E3720700024111,ベッセルおおち,香川県東かがわ市馬篠1200,,,,34.274665749245,134.29769085839,
687,E3720700025111,白鳥コミュニティセンター多目的ホール,香川県東かがわ市白鳥525,1,,,34.24036983672,134.3476528695,
688,E3720700026111,白鳥コミュニティセンター,香川県東かがわ市白鳥536-1,1,,,34.240436356898,134.34740610627,
689,E3720700027111,白鳥小中学校体育館,香川県東かがわ市白鳥757-1,1,,,34.237778453223,134.35343825396,
690,E3720700028111,東かがわ市交流プラザ,香川県東かがわ市湊1806-2,1,,,34.243820687075,134.35758774197,
691,E3720700029111,社会福祉協議会本所,香川県東かがわ市湊1809,1,,,34.2441727958,134.357650577,
692,E3720700032111,湊コミュニティセンター,香川県東かがわ市湊523,1,,,34.247856,134.347737,
693,E3720700030111,福栄コミュニティセンター多目的ホール,香川県東かがわ市与田山351-1,1,,,34.205059985943,134.321579829,
694,E3720700031111,福栄コミュニティセンター,香川県東かがわ市与田山409-1,1,,,34.204437591536,134.32011833222,
